filename,slug,group,size_bytes,duration_seconds,sha256
cc-01-find-your-way-around.mp3,cc-01-find-your-way-around,challenge,5192781,551.76,2ac5d556b0e3e0409e03bf0882943c79815c21bfade31548c0fe60aabe478242
cc-02-file-your-first-issue.mp3,cc-02-file-your-first-issue,challenge,5564229,590.88,fe55d0f5a4c0bc2fae61529a186d4906cb119c40a38ed4ac231e1a421baaabdb
cc-03-join-the-conversation.mp3,cc-03-join-the-conversation,challenge,5684973,610.82,4ede8541e3746347fa0feb9892c9645455505900f14c9b9abfaa101b9c70564a
cc-04-branch-out.mp3,cc-04-branch-out,challenge,5506389,583.8,e9a49a6179cb2daa255717438c71d4f23e2c3e3710aaca4d1834193706b72391
cc-05-make-your-mark.mp3,cc-05-make-your-mark,challenge,5705205,609.34,876271134fb914e2dc01a5781bbc1ae4066aa91d2d5c356693dbc078fee5d9c2
cc-06-open-your-first-pr.mp3,cc-06-open-your-first-pr,challenge,6085077,646.39,b3fe24598785d3492714b89b4e246218a58506ba502d041075fdc5daf00980af
cc-07-survive-a-merge-conflict.mp3,cc-07-survive-a-merge-conflict,challenge,5427693,575.57,f0ea227c7eb423ab7d0d1e6cf77cf92fc631dd9b9badfed128144159a31d36fd
cc-08-open-source-culture.mp3,cc-08-open-source-culture,challenge,6975933,738.14,cbe5805a83143dcb25b527cd6a8c5f468ef441d3eb45a37af882432cfce6e58c
cc-09-merge-day.mp3,cc-09-merge-day,challenge,5969901,633.46,3ea80a84ff92fe77472aa4967a157f93cca1ef9047c71d725291e633dd9f3252
cc-10-go-local.mp3,cc-10-go-local,challenge,6547245,696.17,9150698d45b0c64b2dce3cdf98bb4fd96a0668951798578eaf6a8bc8ec47f543
cc-11-day-2-pull-request.mp3,cc-11-day-2-pull-request,challenge,4403925,469.63,d084df5e44bbb5de4a659ccb40c93a4a06fc579e4ae2fe53902da4608291bba5
cc-12-code-review.mp3,cc-12-code-review,challenge,5401677,569.3,df81fb998e2ea08552458d216e9de23eeacbecf99fbe32d1942e8a6a5e711b25
cc-13-copilot-as-collaborator.mp3,cc-13-copilot-as-collaborator,challenge,7149741,753.65,394fd8b2e2765779fb3ee136cd105994d0700cb36b064e1e801c5f3f408f9546
cc-14-design-an-issue-template.mp3,cc-14-design-an-issue-template,challenge,6050973,639.6,1312bc190d949d5c013b568ddf3b9cedd9d660ce3211ce237897edd5503e0051
cc-15-discover-accessibility-agents.mp3,cc-15-discover-accessibility-agents,challenge,9357189,986.45,c37887db12a5fa73bbb5758902cfd00a710d60832931653d58ef65a7c7a88f16
cc-16-build-your-own-agent.mp3,cc-16-build-your-own-agent,challenge,6740325,711.1,03b7c13c5807c4184e0e91f96441fab415cd4390c42c291b80d64a8c39cf6f61
cc-bonus-a-improve-agent.mp3,cc-bonus-a-improve-agent,bonus,5491557,582.02,780c478d6f6ad369e4930cdbd2fb0d35665f9cf977bec7840fd9eb3593b4ba16
cc-bonus-b-document-your-journey.mp3,cc-bonus-b-document-your-journey,bonus,6242133,662.23,7d83d8be22446d32a702a15aed54e5def17639e7ee3517e9467aa92a305f9ce4
cc-bonus-c-group-challenge.mp3,cc-bonus-c-group-challenge,bonus,7668981,815.18,1123525fd698f31b854331a1688b334f43e3c63d9effdcdbaad53bfda37f90a5
cc-bonus-d-notifications.mp3,cc-bonus-d-notifications,bonus,5068389,532.42,95e2e2bedd1aeadcb82f6a6f7c072a9105b259ea813e5a1f2e980d65f7938f53
cc-bonus-e-git-history.mp3,cc-bonus-e-git-history,bonus,6182589,656.21,99320384351c97628e963c6d56e1a16368bb3dfd14593a5c59a24189f1b40dfa
ep00-welcome.mp3,ep00-welcome,ep,4990485,527.57,ef4a56491493cd0e6f282f787436e5bf5c323bbe2e12b62641d7c90cf4fc894b
ep01-pre-workshop-setup.mp3,ep01-pre-workshop-setup,ep,7507795,781.58,67b81be12cc630920059687625e26080fd8957ee37d5bc3bce574bf1a4d9fcbd
ep02-github-web-structure.mp3,ep02-github-web-structure,ep,5060829,539.59,142b9d9f942bb1f13b6c5237cc37e7feab2da781f1e4c3cfe619b4758911d02d
ep03-navigating-repositories.mp3,ep03-navigating-repositories,ep,5322381,564.38,8174c26623dc17b4dfaaa3f8d16579a2eecea41d62bdf98561a00752570615bf
ep04-the-learning-room.mp3,ep04-the-learning-room,ep,6211821,660.14,b27f8f85fab9252dbf0c6fd4d9aad9ca309b9e8519b6e0bb23a5fdb1f1a13181
ep05-working-with-issues.mp3,ep05-working-with-issues,ep,8757933,927.36,26435fd2001d42c1d78427368ebc0c4f7888a5ee9cee7d3a28c02355e856c5ae
ep06-working-with-pull-requests.mp3,ep06-working-with-pull-requests,ep,7336677,772.18,20e1ca4581ac2c380a8eb324e147f69a73f52d4cfe0c1a246dbf2ee8f53af1b1
ep07-merge-conflicts.mp3,ep07-merge-conflicts,ep,5942205,634.49,faf914f4faed8a385d91ffc6293080ec3899ecfd02442003366f710ae8251e18
ep08-culture-and-etiquette.mp3,ep08-culture-and-etiquette,ep,6423765,681.34,70aad15f30bf94461ff9e5144fcd30ac2662aa90b406ddfcf962977bde8c98be
ep09-labels-milestones-projects.mp3,ep09-labels-milestones-projects,ep,7175229,757.06,410572857dfd0cb68590ab36e6004841319c81c82750f78e15b041b600e4c84a
ep10-notifications.mp3,ep10-notifications,ep,5460693,574.94,bbd5193a17d4cbf4bf667bcae135f0880583195c184528a7a4073a5958a89ed9
ep11-vscode-basics.mp3,ep11-vscode-basics,ep,7639941,802.51,8f67f5bbc322c65325aee509484e1ed875ce8117bd0df63c104df6ab40dcff42
ep12-git-source-control.mp3,ep12-git-source-control,ep,7503957,793.73,718634acfa2ec57284fde5ffe3b9717c55548f28866a03d401a4be0fdb028b75
ep13-github-prs-extension.mp3,ep13-github-prs-extension,ep,6720813,710.38,d2a649255ad76e7a318959ba4a7f5af3854f94043c4345c4c6efe1a81339b683
ep14-github-copilot.mp3,ep14-github-copilot,ep,8977869,939.89,68cb171343a81d2214af2785cee4ab31d19cdee3b1eada681fc4fbc4b2f08a09
ep15-accessible-code-review.mp3,ep15-accessible-code-review,ep,6820989,720.38,b080c9eab803d7d7f4efdc15d04f74e75ef86be704904485c0902ce3581cc292
ep16-issue-templates.mp3,ep16-issue-templates,ep,7923597,839.93,6ceb1a140a38a86788a21e1e76ed998f0f1c3a538019e9adf96a30897d9bd4af
ep17-accessibility-agents.mp3,ep17-accessibility-agents,ep,7846653,831.02,e5b6df770324e632aefc817c2c9767699f945ed8bd84434d12dc25df2dbbf3f7
ep18-glossary.mp3,ep18-glossary,ep,8530389,909.02,2778567aa083afc54581e3383f900473394b96d5b59c1328634033a2fb5c15da
ep19-screen-reader-cheatsheet.mp3,ep19-screen-reader-cheatsheet,ep,6772677,709.99,41af8927d498559c4e46b4161f56df8fe3eeafc4aafd20cc6726cabc3ad6b051
ep20-accessibility-standards.mp3,ep20-accessibility-standards,ep,5894085,621.38,4e93c0adea412b6204d92a164549c1aba77afcf5909ee6913c5bb7bd2a27dfe8
ep21-git-authentication.mp3,ep21-git-authentication,ep,6313557,664.82,76d44ee5f1340e34ff682209ac329c6bc36216170ef21ae2a6f4207cc3f2039f
ep22-github-flavored-markdown.mp3,ep22-github-flavored-markdown,ep,7722669,814.1,8a9f92e8e8359ab685c47382ff1ad67f7488e3cdfdf5e14c04cd0f4ae12840ac
ep23-github-gists.mp3,ep23-github-gists,ep,5665557,600.6,95651ed47e1692e7e781f34f2c8cadc97e374a0a8f85b180718828505a8a833b
ep24-github-discussions.mp3,ep24-github-discussions,ep,6289317,670.37,2bf1f6f3ac270ee4feaa489545a246ecbe3f0e794561f343ac614c8175781e43
ep25-releases-tags-insights.mp3,ep25-releases-tags-insights,ep,7356909,780.96,3d4ec8aca47c771ac929cf514ef61daf520ded7391b71f90a985ffb9d6692d2c
ep26-github-projects.mp3,ep26-github-projects,ep,5316981,559.73,c174184342e3e565f841f5cebcbfd63c353986ce5d21e8b908dc64189e4ed045
ep27-advanced-search.mp3,ep27-advanced-search,ep,6683061,705.43,0f052c222f66691bc8d250ef1db8f047c486526a6f68bb189670a825db7370cb
ep28-branch-protection.mp3,ep28-branch-protection,ep,6304485,662.64,ab4961445a36b4a9e05ed65a722495b5d73883fee0527e1f7807271875d3b812
ep29-security-features.mp3,ep29-security-features,ep,6389997,675.12,813b0d765501a02679f3c7e28ef5ba5cba4d7d6763584399bc4e651f4bc72863
ep30-vscode-accessibility-reference.mp3,ep30-vscode-accessibility-reference,ep,8737149,912.26,929712aafc0758565668e2c999a07fb745befffd49998ca7f9964a48333c7097
ep31-github-codespaces.mp3,ep31-github-codespaces,ep,5681829,597.43,bbdaeb9c1d09a1754785ff2657ad998d28a836bba3d0a6ad5929bb91d1ee3c6c
ep32-github-mobile.mp3,ep32-github-mobile,ep,5582757,586.46,38ecdf8e3f0a663d602fae5850b911d97a39f0e6151f8a47a152342f76a41a60
ep33-github-pages.mp3,ep33-github-pages,ep,5937741,626.54,a94a154e0907ae82a31f0c4e623a99927b201f57a195fc2ac05da701cb9234af
ep34-github-actions.mp3,ep34-github-actions,ep,5804949,613.22,f0415d7e0eb761309ae70b9933e6b9ce7c82f5a30fbb49d634b19d9883ff487c
ep35-profile-sponsors-wikis.mp3,ep35-profile-sponsors-wikis,ep,5330685,567.38,decb0e9e4f790c3cf6a9bc66ef1c928dae71264fcac29c2cc7bdba4d696f54df
ep36-organizations-templates.mp3,ep36-organizations-templates,ep,6503085,692.78,c789a2983d0f75ca343f61e249ef07a74e754297954dd0c7f5db3465e5f75029
ep37-contributing-to-open-source.mp3,ep37-contributing-to-open-source,ep,8555445,906.96,7e217c44d341de372a8c267b793d91672ed5d4948bd9a9a40bb2ebbe0f2830b0
ep38-resources.mp3,ep38-resources,ep,7079421,744.22,277b2902036bce88a1cf3926bea82e439d469b87a51d7ad82888d42f54dfb30f
ep39-accessibility-agents-reference.mp3,ep39-accessibility-agents-reference,ep,8280669,868.32,a29f0553a8a76b04ac6665e0de345036628f07c8797e220336839840006f5fb5
ep40-copilot-reference.mp3,ep40-copilot-reference,ep,7876989,825.91,6fc992d14731a2d7dbc8daa952dd3ce7b0653fb4d231528939788f0c85f0e1b1
ep41-copilot-models.mp3,ep41-copilot-models,ep,6057477,635.52,5c51bd4b5a4dfe21b5512749431c23f174a240019ea02ad1956efb72d20b0dee
ep42-accessing-workshop-materials.mp3,ep42-accessing-workshop-materials,ep,5380077,567.91,571927cd15e1399133f447d7cedff74cade8b26e92182a9a51c67920444ea0ee
ep43-github-skills-catalog.mp3,ep43-github-skills-catalog,ep,5609469,599.09,9393413252483233ca30b547b53b3e9649c39247e44a7c2937d263847a254804
ep44-choose-your-tools.mp3,ep44-choose-your-tools,ep,5968245,631.75,d1f570ddaf68bfe502f10f59db3ba0f9cced08750cfd7e2cd50a963606acc03c
ep45-vscode-accessibility-deep-dive.mp3,ep45-vscode-accessibility-deep-dive,ep,6943149,731.78,9ecb7316d0e57837179dbd27ba90be7d3c0ab868d029445c09b02ec7fb3e4442
ep46-how-git-works.mp3,ep46-how-git-works,ep,5601285,593.04,f8e4037bf6f5125c7853beda0004c14e3dcbdc9da2469ef69cfbedc9e7eb70d0
ep47-fork-and-contribute.mp3,ep47-fork-and-contribute,ep,7339869,785.9,f97a3aac11c0a0099ff88fe19b20509704723bf955b3b63201c30864fa28486a
ep48-build-your-agent-capstone.mp3,ep48-build-your-agent-capstone,ep,6055701,639.1,5a53da9f7212e09d451e3156a04528b453ea1df091840c218c48fd4b5f5c51d7
ep49-github-accessibility-and-open-source.mp3,ep49-github-accessibility-and-open-source,ep,3697629,392.33,8291b3e47f712cc610f987dcb1759448c0413e5a96dde438b9c421b400cca802
ep50-advanced-git-operations.mp3,ep50-advanced-git-operations,ep,6574533,697.56,2dbfaa808939666d6f5eddfb2fcea6fe9351aecdf2bf39f07e3b2ff032946f58
ep51-git-security-for-contributors.mp3,ep51-git-security-for-contributors,ep,6819645,716.14,3317744fd78510e4c5846850f7af5fdfa05e27bb24944b3d6e01df0ce59e8470
ep52-github-desktop.mp3,ep52-github-desktop,ep,6306453,665.93,259a0ac88e1238b7f4080034f4cb42ee23966f3c068c611ffde63d886f086745
ep53-github-cli-reference.mp3,ep53-github-cli-reference,ep,7365741,780.0,072fc9e5e5564c5edbbed4f330b867811cfe2709a41fa1f4b10c7b91fc905f92
ep54-agent-installation-setup.mp3,ep54-agent-installation-setup,ep,6096597,639.31,7c571dd788e2a4654cba51b838607bc81a55850285758699596365b49d183e59
ep55-advanced-agent-patterns.mp3,ep55-advanced-agent-patterns,ep,5628597,590.06,272c59af030c34b2b8fa2573b9e57ad2a71e47e1b471818648fd5c6419e2d1ce
ep56-document-developer-tools.mp3,ep56-document-developer-tools,ep,6324357,663.74,86b61173936be77b6b200f618f6519b9d30a180437c7f74ee52b961552279dc7
ep79-what-comes-next.mp3,ep79-what-comes-next,ep,6147405,649.34,7737b4edee7cc4516368cbce9d6aea27cb2d1c52405de7446de46b4c73f8e593
