uuid,track_number,group,current_filename,filename
5782d363-05ad-4015-a53b-69311bf4a024,1,ep,ep00-welcome.mp3,ch-00-welcome.mp3
e7b269f2-4c6b-4644-bfce-0aaf2f8937fe,2,ep,ep01-pre-workshop-setup.mp3,ch-01-pre-workshop-setup.mp3
941a3a2b-554f-41dc-96b9-5b98443054b1,4,ep,ep02-github-web-structure.mp3,ch-02-github-web-structure.mp3
a3fc92a0-46cb-4be3-9a61-74ebc8a0b429,6,ep,ep03-navigating-repositories.mp3,ch-03-navigating-repositories.mp3
a4c497d9-535e-4040-a3e4-bfeffb9401ae,8,ep,ep04-the-learning-room.mp3,ch-04-the-learning-room.mp3
e2c04356-2759-42bf-ac4a-3f1326db1213,10,ep,ep05-working-with-issues.mp3,ch-05-working-with-issues.mp3
6c7d19fd-bd1e-4be6-adb2-9f0b48a552c8,12,ep,ep06-working-with-pull-requests.mp3,ch-06-working-with-pull-requests.mp3
7c1f250f-100d-40e5-b2de-5f6cb05d6e9f,14,ep,ep07-merge-conflicts.mp3,ch-07-merge-conflicts.mp3
03c96ea0-7cfa-428c-bd62-c1f6b8f70318,16,ep,ep08-culture-and-etiquette.mp3,ch-08-culture-and-etiquette.mp3
825f9c85-a86e-4b2c-a4b2-4f33de3767f3,18,ep,ep09-labels-milestones-projects.mp3,ch-09-labels-milestones-projects.mp3
a9c6f562-4499-4659-8e98-dc33365bb389,20,ep,ep10-notifications.mp3,ch-10-notifications.mp3
e20fe72e-c09c-4c1c-9c35-a3d6dd03dbb7,22,ep,ep11-vscode-basics.mp3,ch-11-vscode-basics.mp3
f12549cd-8ed9-40b9-9e82-5f1cc2f02cfe,24,ep,ep12-git-source-control.mp3,ch-12-git-source-control.mp3
825592b8-b6e3-40b3-a62e-27a3592f92f3,26,ep,ep13-github-prs-extension.mp3,ch-13-github-prs-extension.mp3
97ff2e66-6125-4ec5-afae-cbbfb4529873,28,ep,ep14-github-copilot.mp3,ch-14-github-copilot.mp3
47ac569d-8fda-4ab9-848f-195728a37863,30,ep,ep15-accessible-code-review.mp3,ch-15-accessible-code-review.mp3
d0070b6b-f6b1-4c60-af6c-da79b163374b,32,ep,ep16-issue-templates.mp3,ch-16-issue-templates.mp3
5d406c5d-fda1-428c-9b18-63a2c37c12bf,34,ep,ep17-accessibility-agents.mp3,ch-17-accessibility-agents.mp3
ae6eeda0-18af-4915-8c10-1b7ec69b212c,35,ep,ep46-how-git-works.mp3,ch-18-how-git-works.mp3
3cb0f067-09b5-4328-8613-734b5294e428,36,ep,ep47-fork-and-contribute.mp3,ch-19-fork-and-contribute.mp3
917558eb-d37b-46e8-af5d-d1f6e3816cc1,37,ep,ep48-build-your-agent-capstone.mp3,ch-20-build-your-agent-capstone.mp3
34ba0bf7-f732-4eff-a700-610f2d640003,38,ep,ep37-contributing-to-open-source.mp3,ch-21-contributing-to-open-source.mp3
8e96a939-869f-406c-bf9f-196677343056,39,ep,ep79-what-comes-next.mp3,ch-22-what-comes-next.mp3
c4cb6bdb-7999-4d4a-87cc-3855192ea413,45,ep,ep18-glossary.mp3,ref-01-glossary.mp3
a0edc294-39b9-4c4b-8b88-0184fcb61941,46,ep,ep19-screen-reader-cheatsheet.mp3,ref-02-screen-reader-cheatsheet.mp3
efb32923-7fb1-4c3a-9d8f-c1c5bf2caae1,47,ep,ep20-accessibility-standards.mp3,ref-03-accessibility-standards.mp3
fdb46e34-3dfe-4109-9374-7c68340163e4,48,ep,ep38-resources.mp3,ref-04-resources.mp3
f6c09e20-76ed-4107-8317-e785fc400187,49,ep,ep42-accessing-workshop-materials.mp3,ref-05-accessing-workshop-materials.mp3
56c7b915-f209-4468-9be1-501ffbe76fc8,50,ep,ep43-github-skills-catalog.mp3,ref-06-github-skills-catalog.mp3
de290bca-ca2a-4303-8cb9-84c0ee7abf9e,51,ep,ep21-git-authentication.mp3,git-01-git-authentication.mp3
3d60a94f-0060-4077-86d7-7378059ec042,52,ep,ep50-advanced-git-operations.mp3,git-02-advanced-git-operations.mp3
adecbc6a-1d8d-41e1-ab51-e69722edfa3f,53,ep,ep51-git-security-for-contributors.mp3,git-03-git-security-for-contributors.mp3
63b03ed9-a69d-49cf-a285-bd34235899b1,54,ep,ep52-github-desktop.mp3,git-04-github-desktop.mp3
c1bbc918-7686-4959-84e5-b70bc4b75b42,55,ep,ep53-github-cli-reference.mp3,git-05-github-cli-reference.mp3
ec21e605-c5ca-4ea5-93dc-44d9c3f3dead,56,ep,ep22-github-flavored-markdown.mp3,tools-01-github-flavored-markdown.mp3
e4850faf-13b1-43b2-9d66-cc82740efc34,57,ep,ep23-github-gists.mp3,tools-02-github-gists.mp3
af3521b2-0271-4dc0-b725-aed7771fe0ae,58,ep,ep24-github-discussions.mp3,tools-03-github-discussions.mp3
faa0a825-d870-43df-97e8-b4b921f95aff,59,ep,ep25-releases-tags-insights.mp3,tools-04-releases-tags-insights.mp3
5cc23d77-6061-4092-8d00-cd10d90b631d,60,ep,ep26-github-projects.mp3,tools-05-github-projects.mp3
df063762-71bf-42e5-9fe2-c4e45a942ac1,61,ep,ep27-advanced-search.mp3,tools-06-advanced-search.mp3
1134a33e-60ba-4192-a256-952384b39e1d,62,ep,ep31-github-codespaces.mp3,tools-07-github-codespaces.mp3
c337d0ac-3e0e-41db-a12e-898919b8e08e,63,ep,ep32-github-mobile.mp3,tools-08-github-mobile.mp3
3d23be9d-f3a3-479e-9814-e494a11e06f9,64,ep,ep33-github-pages.mp3,tools-09-github-pages.mp3
83f42282-5dd3-4155-9809-a309af1566f8,65,ep,ep34-github-actions.mp3,tools-10-github-actions.mp3
afe0af59-e122-4946-b257-83820bb772f6,66,ep,ep35-profile-sponsors-wikis.mp3,tools-11-profile-sponsors-wikis.mp3
f9b69058-5a1f-4550-8540-68310a5a2bbd,67,ep,ep36-organizations-templates.mp3,tools-12-organizations-templates.mp3
3ba6d2d5-808a-4f31-a8ac-088f38f5655b,68,ep,ep39-accessibility-agents-reference.mp3,agents-01-accessibility-agents-reference.mp3
60e9e20d-59dc-4618-b21f-eba8a2f087e7,69,ep,ep40-copilot-reference.mp3,agents-02-copilot-reference.mp3
bd284e08-3097-4b46-a237-c586cf916d3e,70,ep,ep41-copilot-models.mp3,agents-03-copilot-models.mp3
9db086ca-c6c0-476d-bfdb-74fb16ed4970,71,ep,ep44-choose-your-tools.mp3,agents-04-choose-your-tools.mp3
54161b03-64e0-4aec-867b-360ce3846a3a,72,ep,ep54-agent-installation-setup.mp3,agents-05-agent-installation-setup.mp3
19d7104a-29aa-4ec0-8d16-c03735d76e86,73,ep,ep55-advanced-agent-patterns.mp3,agents-06-advanced-agent-patterns.mp3
a3f97849-1fa6-4a48-b0b8-232002bcaf0c,74,ep,ep28-branch-protection.mp3,sec-01-branch-protection.mp3
bd10a748-164c-48a5-a02c-d75be1243a81,75,ep,ep29-security-features.mp3,sec-02-security-features.mp3
a8f94597-272c-45c9-982c-b06cd9adc54a,76,ep,ep30-vscode-accessibility-reference.mp3,a11y-01-vscode-accessibility-reference.mp3
5f1a86b1-0325-437f-bba5-2870f74ba30c,77,ep,ep45-vscode-accessibility-deep-dive.mp3,a11y-02-vscode-accessibility-deep-dive.mp3
dfd1b7c1-6692-40b4-9085-671158a24faa,78,ep,ep49-github-accessibility-and-open-source.mp3,a11y-03-github-accessibility-and-open-source.mp3
8dc5a501-50d6-4ece-bd97-a39bad8e7345,79,ep,ep56-document-developer-tools.mp3,a11y-04-document-developer-tools.mp3
